id,pid, title,desc,delivery_date
1,2,Random title 1,Some random description 1,2020/12/8
2,2,Random title 2,Some random description 2,2020/12/8
3,2,Random title 3,Some random description 3,2020/12/8
4,3,Random title 4,Some random description 4,2022/12/4
5,4,Random title 5,Some random description 5,2025/5/16
6,4,Random title 6,Some random description 6,2025/5/16
7,4,Random title 7,Some random description 7,2025/5/16
8,4,Random title 8,Some random description 8,2025/5/16
9,5,Random title 9,Some random description 9,2023/1/29
10,5,Random title 10,Some random description 10,2023/1/29
11,5,Random title 11,Some random description 11,2023/1/29
12,5,Random title 12,Some random description 12,2023/1/29
13,6,Random title 13,Some random description 13,2020/10/28
14,7,Random title 14,Some random description 14,2023/2/5
15,7,Random title 15,Some random description 15,2023/2/5
16,7,Random title 16,Some random description 16,2023/2/5
17,8,Random title 17,Some random description 17,2022/2/17
18,8,Random title 18,Some random description 18,2022/2/17
19,10,Random title 19,Some random description 19,2022/10/24
20,11,Random title 20,Some random description 20,2024/12/20
21,12,Random title 21,Some random description 21,2024/3/28
22,13,Random title 22,Some random description 22,2022/13/28
23,14,Random title 23,Some random description 23,2022/5/29
24,14,Random title 24,Some random description 24,2022/5/29
25,15,Random title 25,Some random description 25,2025/9/20
26,17,Random title 26,Some random description 26,2019/9/11
27,18,Random title 27,Some random description 27,2022/10/16
28,18,Random title 28,Some random description 28,2022/10/16
29,18,Random title 29,Some random description 29,2022/10/16
30,18,Random title 30,Some random description 30,2022/10/16
31,18,Random title 31,Some random description 31,2022/10/16
32,19,Random title 32,Some random description 32,2025/1/6
33,19,Random title 33,Some random description 33,2025/1/6
34,20,Random title 34,Some random description 34,2018/12/20
35,22,Random title 35,Some random description 35,2021/9/24
36,22,Random title 36,Some random description 36,2021/9/24
37,23,Random title 37,Some random description 37,2024/5/2
38,23,Random title 38,Some random description 38,2024/5/2
39,23,Random title 39,Some random description 39,2024/5/2
40,23,Random title 40,Some random description 40,2024/5/2
41,24,Random title 41,Some random description 41,2019/4/7
42,25,Random title 42,Some random description 42,2024/2/25
43,25,Random title 43,Some random description 43,2024/2/25
44,26,Random title 44,Some random description 44,2023/7/17
45,26,Random title 45,Some random description 45,2023/7/17
46,26,Random title 46,Some random description 46,2023/7/17
47,26,Random title 47,Some random description 47,2023/7/17
48,26,Random title 48,Some random description 48,2023/7/17
49,27,Random title 49,Some random description 49,2023/9/18
50,27,Random title 50,Some random description 50,2023/9/18
51,27,Random title 51,Some random description 51,2023/9/18
52,27,Random title 52,Some random description 52,2023/9/18
53,28,Random title 53,Some random description 53,2022/11/12
54,28,Random title 54,Some random description 54,2022/11/12
55,30,Random title 55,Some random description 55,2018/1/2
56,30,Random title 56,Some random description 56,2018/1/2
57,30,Random title 57,Some random description 57,2018/1/2
58,30,Random title 58,Some random description 58,2018/1/2
59,31,Random title 59,Some random description 59,2021/11/10
60,31,Random title 60,Some random description 60,2021/11/10
61,31,Random title 61,Some random description 61,2021/11/10
62,32,Random title 62,Some random description 62,2022/1/8
63,33,Random title 63,Some random description 63,2024/13/24
64,33,Random title 64,Some random description 64,2024/13/24
65,33,Random title 65,Some random description 65,2024/13/24
66,33,Random title 66,Some random description 66,2024/13/24
67,34,Random title 67,Some random description 67,2022/3/29
68,34,Random title 68,Some random description 68,2022/3/29
69,34,Random title 69,Some random description 69,2022/3/29
70,34,Random title 70,Some random description 70,2022/3/29
71,35,Random title 71,Some random description 71,2023/2/24
72,35,Random title 72,Some random description 72,2023/2/24
73,35,Random title 73,Some random description 73,2023/2/24
74,35,Random title 74,Some random description 74,2023/2/24
75,36,Random title 75,Some random description 75,2022/11/2
76,37,Random title 76,Some random description 76,2021/9/20
77,37,Random title 77,Some random description 77,2021/9/20
78,37,Random title 78,Some random description 78,2021/9/20
79,38,Random title 79,Some random description 79,2020/2/17
80,38,Random title 80,Some random description 80,2020/2/17
81,38,Random title 81,Some random description 81,2020/2/17
82,38,Random title 82,Some random description 82,2020/2/17
83,39,Random title 83,Some random description 83,2021/10/20
84,41,Random title 84,Some random description 84,2020/1/18
85,42,Random title 85,Some random description 85,2024/6/11
86,42,Random title 86,Some random description 86,2024/6/11
87,42,Random title 87,Some random description 87,2024/6/11
88,43,Random title 88,Some random description 88,2022/8/20
89,44,Random title 89,Some random description 89,2019/11/13
90,44,Random title 90,Some random description 90,2019/11/13
91,44,Random title 91,Some random description 91,2019/11/13
92,46,Random title 92,Some random description 92,2022/13/10
93,46,Random title 93,Some random description 93,2022/13/10
94,47,Random title 94,Some random description 94,2023/5/16
95,48,Random title 95,Some random description 95,2019/4/24
96,50,Random title 96,Some random description 96,2019/13/8
97,50,Random title 97,Some random description 97,2019/13/8
98,50,Random title 98,Some random description 98,2019/13/8
99,51,Random title 99,Some random description 99,2020/10/16
100,51,Random title 100,Some random description 100,2020/10/16
101,51,Random title 101,Some random description 101,2020/10/16
102,52,Random title 102,Some random description 102,2020/8/29
103,52,Random title 103,Some random description 103,2020/8/29
104,52,Random title 104,Some random description 104,2020/8/29
105,52,Random title 105,Some random description 105,2020/8/29
106,53,Random title 106,Some random description 106,2019/5/1
107,53,Random title 107,Some random description 107,2019/5/1
108,53,Random title 108,Some random description 108,2019/5/1
109,53,Random title 109,Some random description 109,2019/5/1
110,53,Random title 110,Some random description 110,2019/5/1
111,54,Random title 111,Some random description 111,2024/3/13
112,54,Random title 112,Some random description 112,2024/3/13
113,55,Random title 113,Some random description 113,2025/8/7
114,55,Random title 114,Some random description 114,2025/8/7
115,56,Random title 115,Some random description 115,2024/8/1
116,56,Random title 116,Some random description 116,2024/8/1
117,57,Random title 117,Some random description 117,2021/4/21
118,57,Random title 118,Some random description 118,2021/4/21
119,57,Random title 119,Some random description 119,2021/4/21
120,57,Random title 120,Some random description 120,2021/4/21
121,58,Random title 121,Some random description 121,2023/11/24
122,58,Random title 122,Some random description 122,2023/11/24
123,58,Random title 123,Some random description 123,2023/11/24
124,59,Random title 124,Some random description 124,2023/4/8
125,59,Random title 125,Some random description 125,2023/4/8
126,59,Random title 126,Some random description 126,2023/4/8
127,59,Random title 127,Some random description 127,2023/4/8
128,61,Random title 128,Some random description 128,2023/12/29
129,61,Random title 129,Some random description 129,2023/12/29
130,61,Random title 130,Some random description 130,2023/12/29
131,61,Random title 131,Some random description 131,2023/12/29
132,61,Random title 132,Some random description 132,2023/12/29
133,62,Random title 133,Some random description 133,2021/8/21
134,63,Random title 134,Some random description 134,2023/9/1
135,63,Random title 135,Some random description 135,2023/9/1
136,63,Random title 136,Some random description 136,2023/9/1
137,63,Random title 137,Some random description 137,2023/9/1
138,63,Random title 138,Some random description 138,2023/9/1
139,64,Random title 139,Some random description 139,2023/5/28
140,64,Random title 140,Some random description 140,2023/5/28
141,65,Random title 141,Some random description 141,2021/12/21
142,65,Random title 142,Some random description 142,2021/12/21
143,65,Random title 143,Some random description 143,2021/12/21
144,65,Random title 144,Some random description 144,2021/12/21
145,65,Random title 145,Some random description 145,2021/12/21
146,66,Random title 146,Some random description 146,2018/6/6
147,66,Random title 147,Some random description 147,2018/6/6
148,66,Random title 148,Some random description 148,2018/6/6
149,67,Random title 149,Some random description 149,2022/6/28
150,69,Random title 150,Some random description 150,2018/11/24
151,69,Random title 151,Some random description 151,2018/11/24
152,69,Random title 152,Some random description 152,2018/11/24
153,69,Random title 153,Some random description 153,2018/11/24
154,70,Random title 154,Some random description 154,2022/1/5
155,70,Random title 155,Some random description 155,2022/1/5
156,72,Random title 156,Some random description 156,2023/5/12
157,72,Random title 157,Some random description 157,2023/5/12
158,73,Random title 158,Some random description 158,2022/4/28
159,73,Random title 159,Some random description 159,2022/4/28
160,73,Random title 160,Some random description 160,2022/4/28
161,76,Random title 161,Some random description 161,2024/4/26
162,76,Random title 162,Some random description 162,2024/4/26
163,76,Random title 163,Some random description 163,2024/4/26
164,76,Random title 164,Some random description 164,2024/4/26
165,76,Random title 165,Some random description 165,2024/4/26
166,77,Random title 166,Some random description 166,2022/12/25
167,77,Random title 167,Some random description 167,2022/12/25
168,77,Random title 168,Some random description 168,2022/12/25
169,77,Random title 169,Some random description 169,2022/12/25
170,78,Random title 170,Some random description 170,2018/11/6
171,78,Random title 171,Some random description 171,2018/11/6
172,79,Random title 172,Some random description 172,2022/12/8
173,79,Random title 173,Some random description 173,2022/12/8
174,81,Random title 174,Some random description 174,2024/7/26
